{"info":{"year":"2024","version":"1","description":"Exported from roboflow.com","contributor":"","url":"https://public.roboflow.com/object-detection/undefined","date_created":"2024-06-21T20:01:21+00:00"},"licenses":[{"id":1,"url":"https://creativecommons.org/publicdomain/zero/1.0/","name":"Public Domain"}],"categories":[{"id":0,"name":"creeper-or-pig-or-ender","supercategory":"none"},{"id":1,"name":"creeper","supercategory":"creeper-or-pig-or-ender"},{"id":2,"name":"ender","supercategory":"creeper-or-pig-or-ender"},{"id":3,"name":"pig","supercategory":"creeper-or-pig-or-ender"}],"images":[{"id":0,"license":1,"file_name":"creeper-87-_png.rf.d89817cea59819236a54e919216729a9.jpg","height":640,"width":640,"date_captured":"2024-06-21T20:01:21+00:00"},{"id":1,"license":1,"file_name":"enderman-80-_png.rf.a849e5ae64da39f638fb10c9f61107d4.jpg","height":640,"width":640,"date_captured":"2024-06-21T20:01:21+00:00"},{"id":2,"license":1,"file_name":"enderman-39-_png.rf.1b4ac0d56294896402d2c7d63d506a96.jpg","height":640,"width":640,"date_captured":"2024-06-21T20:01:21+00:00"},{"id":3,"license":1,"file_name":"enderman-9-_png.rf.91b70e2f8012973682654166f956e98e.jpg","height":640,"width":640,"date_captured":"2024-06-21T20:01:21+00:00"},{"id":4,"license":1,"file_name":"creeper-5-_png.rf.798736b160a7ce642e35b1d32ffeeb53.jpg","height":640,"width":640,"date_captured":"2024-06-21T20:01:21+00:00"},{"id":5,"license":1,"file_name":"enderman-55-_png.rf.2a919db76a9f57d9ff6bc7fdea3ffd81.jpg","height":640,"width":640,"date_captured":"2024-06-21T20:01:21+00:00"},{"id":6,"license":1,"file_name":"porco-29-_png.rf.574b56ba6e1e0693c0ca17dc73bb2868.jpg","height":640,"width":640,"date_captured":"2024-06-21T20:01:21+00:00"},{"id":7,"license":1,"file_name":"enderman-3-_png.rf.ac7278c6abe542aaf3bdcc62753c4510.jpg","height":640,"width":640,"date_captured":"2024-06-21T20:01:21+00:00"},{"id":8,"license":1,"file_name":"porco-68-_png.rf.3a335c384defc7a9ee2b8bf38a4efa75.jpg","height":640,"width":640,"date_captured":"2024-06-21T20:01:21+00:00"},{"id":9,"license":1,"file_name":"porco-53-_png.rf.5f67e2c9890bedb971d60c3fa4395a11.jpg","height":640,"width":640,"date_captured":"2024-06-21T20:01:21+00:00"},{"id":10,"license":1,"file_name":"creeper-48-_png.rf.7f8df4ad3a79b4432e3201107f7e8281.jpg","height":640,"width":640,"date_captured":"2024-06-21T20:01:21+00:00"},{"id":11,"license":1,"file_name":"porco-45-_png.rf.01312009c36d21d432fc7dff6d27804c.jpg","height":640,"width":640,"date_captured":"2024-06-21T20:01:21+00:00"},{"id":12,"license":1,"file_name":"enderman-58-_png.rf.867dbc0a1075047c3d07941d562e8e1d.jpg","height":640,"width":640,"date_captured":"2024-06-21T20:01:21+00:00"},{"id":13,"license":1,"file_name":"porco-87-_png.rf.78a443ad6b056072d8223bd9a3df8e94.jpg","height":640,"width":640,"date_captured":"2024-06-21T20:01:21+00:00"},{"id":14,"license":1,"file_name":"creeper-70-_png.rf.c1b859888c6bbc812872e8015c4639b1.jpg","height":640,"width":640,"date_captured":"2024-06-21T20:01:21+00:00"},{"id":15,"license":1,"file_name":"creeper-17-_png.rf.aa94f21088e1a43d276d452ba92e7700.jpg","height":640,"width":640,"date_captured":"2024-06-21T20:01:21+00:00"},{"id":16,"license":1,"file_name":"porco-75-_png.rf.68ca284df8fb2a3226fa1231cc96d53d.jpg","height":640,"width":640,"date_captured":"2024-06-21T20:01:21+00:00"},{"id":17,"license":1,"file_name":"porco-18-_png.rf.bb25ff0bdd560eed9455cc3e123bc4d2.jpg","height":640,"width":640,"date_captured":"2024-06-21T20:01:21+00:00"},{"id":18,"license":1,"file_name":"porco-55-_png.rf.9529b8c07a0ac34489d02ec5599c31e5.jpg","height":640,"width":640,"date_captured":"2024-06-21T20:01:21+00:00"},{"id":19,"license":1,"file_name":"creeper-21-_png.rf.7250a5549c98e9dffd2cedd9ecf0f049.jpg","height":640,"width":640,"date_captured":"2024-06-21T20:01:21+00:00"},{"id":20,"license":1,"file_name":"enderman-31-_png.rf.5e8eff79ded12fa8aae2164788f1ae8e.jpg","height":640,"width":640,"date_captured":"2024-06-21T20:01:21+00:00"},{"id":21,"license":1,"file_name":"enderman-32-_png.rf.46b869e18603f28aae6c2993c4f510fb.jpg","height":640,"width":640,"date_captured":"2024-06-21T20:01:21+00:00"},{"id":22,"license":1,"file_name":"enderman-4-_png.rf.96043ddea0a83ee6b81f904b572d070c.jpg","height":640,"width":640,"date_captured":"2024-06-21T20:01:21+00:00"},{"id":23,"license":1,"file_name":"enderman-99-_png.rf.9d4e77a3aa15311477d377fe073188b2.jpg","height":640,"width":640,"date_captured":"2024-06-21T20:01:21+00:00"},{"id":24,"license":1,"file_name":"enderman-82-_png.rf.b9d680f4b2ee1ab3082b6f0624b4d3ee.jpg","height":640,"width":640,"date_captured":"2024-06-21T20:01:21+00:00"},{"id":25,"license":1,"file_name":"porco-15-_png.rf.de16a312e852e7dc7e42c68193fe871a.jpg","height":640,"width":640,"date_captured":"2024-06-21T20:01:21+00:00"},{"id":26,"license":1,"file_name":"enderman-49-_png.rf.dbe107af7034eeb5159ceb630e6d0242.jpg","height":640,"width":640,"date_captured":"2024-06-21T20:01:21+00:00"},{"id":27,"license":1,"file_name":"porco-8-_png.rf.fe7c708eadd791a7c29cceef826de715.jpg","height":640,"width":640,"date_captured":"2024-06-21T20:01:21+00:00"},{"id":28,"license":1,"file_name":"enderman-42-_png.rf.e4b7f8d272707a6c359106c9b20d6c71.jpg","height":640,"width":640,"date_captured":"2024-06-21T20:01:21+00:00"},{"id":29,"license":1,"file_name":"enderman-68-_png.rf.e6fec9766b9b4c7c8f9d33d3ad4d021a.jpg","height":640,"width":640,"date_captured":"2024-06-21T20:01:21+00:00"}],"annotations":[{"id":0,"image_id":0,"category_id":1,"bbox":[391,184,249,456],"area":113544,"segmentation":[],"iscrowd":0},{"id":1,"image_id":1,"category_id":2,"bbox":[297,357,39.5,190],"area":7505,"segmentation":[],"iscrowd":0},{"id":2,"image_id":2,"category_id":2,"bbox":[308,292,14,66.5],"area":931,"segmentation":[],"iscrowd":0},{"id":3,"image_id":3,"category_id":2,"bbox":[257,93,77.5,345],"area":26737.5,"segmentation":[],"iscrowd":0},{"id":4,"image_id":4,"category_id":1,"bbox":[277,168,66.5,273],"area":18154.5,"segmentation":[],"iscrowd":0},{"id":5,"image_id":5,"category_id":2,"bbox":[140,169,76,260.5],"area":19798,"segmentation":[],"iscrowd":0},{"id":6,"image_id":6,"category_id":3,"bbox":[261,279,56,97.5],"area":5460,"segmentation":[],"iscrowd":0},{"id":7,"image_id":7,"category_id":3,"bbox":[267,83,89.5,438],"area":39201,"segmentation":[],"iscrowd":0},{"id":8,"image_id":8,"category_id":3,"bbox":[183,89,66,174],"area":11484,"segmentation":[],"iscrowd":0},{"id":9,"image_id":9,"category_id":3,"bbox":[249,300,108.5,193],"area":20940.5,"segmentation":[],"iscrowd":0},{"id":10,"image_id":10,"category_id":1,"bbox":[324,157,43,144],"area":6192,"segmentation":[],"iscrowd":0},{"id":11,"image_id":11,"category_id":3,"bbox":[292,229,62,97.5],"area":6045,"segmentation":[],"iscrowd":0},{"id":12,"image_id":12,"category_id":2,"bbox":[308,214,33.5,205],"area":6867.5,"segmentation":[],"iscrowd":0},{"id":13,"image_id":13,"category_id":3,"bbox":[297,148,73.5,119],"area":8746.5,"segmentation":[],"iscrowd":0},{"id":14,"image_id":14,"category_id":1,"bbox":[251,150,131.5,367],"area":48260.5,"segmentation":[],"iscrowd":0},{"id":15,"image_id":15,"category_id":1,"bbox":[269,117,178,523],"area":93094,"segmentation":[],"iscrowd":0},{"id":16,"image_id":15,"category_id":3,"bbox":[394,111,17.5,19],"area":332.5,"segmentation":[],"iscrowd":0},{"id":17,"image_id":16,"category_id":3,"bbox":[107,457,83.5,120],"area":10020,"segmentation":[],"iscrowd":0},{"id":18,"image_id":17,"category_id":3,"bbox":[295,283,77.5,138.5],"area":10733.75,"segmentation":[],"iscrowd":0},{"id":19,"image_id":18,"category_id":3,"bbox":[283,285,67.5,200],"area":13500,"segmentation":[],"iscrowd":0},{"id":20,"image_id":19,"category_id":1,"bbox":[280,242,48,148.5],"area":7128,"segmentation":[],"iscrowd":0},{"id":21,"image_id":20,"category_id":3,"bbox":[176,183,139,329],"area":45731,"segmentation":[],"iscrowd":0},{"id":22,"image_id":21,"category_id":2,"bbox":[282,191,50.5,173.5],"area":8761.75,"segmentation":[],"iscrowd":0},{"id":23,"image_id":22,"category_id":2,"bbox":[289,190,45.5,253.5],"area":11534.25,"segmentation":[],"iscrowd":0},{"id":24,"image_id":23,"category_id":2,"bbox":[351,108,28,156],"area":4368,"segmentation":[],"iscrowd":0},{"id":25,"image_id":24,"category_id":2,"bbox":[145,254,80,195],"area":15600,"segmentation":[],"iscrowd":0},{"id":26,"image_id":25,"category_id":3,"bbox":[290,271,83.5,155],"area":12942.5,"segmentation":[],"iscrowd":0},{"id":27,"image_id":26,"category_id":2,"bbox":[295,280,48.5,90.5],"area":4389.25,"segmentation":[],"iscrowd":0},{"id":28,"image_id":27,"category_id":3,"bbox":[295,254,122,249],"area":30378,"segmentation":[],"iscrowd":0},{"id":29,"image_id":28,"category_id":2,"bbox":[338,299,15,50.5],"area":757.5,"segmentation":[],"iscrowd":0},{"id":30,"image_id":29,"category_id":2,"bbox":[378,242,47,178.5],"area":8389.5,"segmentation":[],"iscrowd":0}]}